{
  "project_info": {
    "project_number": "370979015259",
    "firebase_url": "https://fitness-coach-b7fdb.firebaseio.com",
    "project_id": "fitness-coach-b7fdb",
    "storage_bucket": "fitness-coach-b7fdb.appspot.com"
  },
  "client": [
    {
      "client_info": {
        "mobilesdk_app_id": "1:370979015259:android:d37100f5682822968d4d7e",
        "android_client_info": {
          "package_name": "com.example.fitnesscoach"
        }
      },
      "oauth_client": [
        {
          "client_id": "370979015259-4gic1uahsc71j027tom3mv6cnj8v8fjp.apps.googleusercontent.com",
          "client_type": 1,
          "android_info": {
            "package_name": "com.example.fitnesscoach",
            "certificate_hash": "62d4a4a0d404e6ad38f437ef53a25b12666d0f6d"
          }
        },
        {
          "client_id": "370979015259-t38chlpu629ghtcf3jjftcug6d067dmn.apps.googleusercontent.com",
          "client_type": 3
        }
      ],
      "api_key": [
        {
          "current_key": "AIzaSyB-qSnPGfQzvI9Tg2LOcITP65Hp05k1Vw4"
        }
      ],
      "services": {
        "appinvite_service": {
          "other_platform_oauth_client": [
            {
              "client_id": "370979015259-t38chlpu629ghtcf3jjftcug6d067dmn.apps.googleusercontent.com",
              "client_type": 3
            }
          ]
        }
      }
    },
    {
      "client_info": {
        "mobilesdk_app_id": "1:370979015259:android:734b82d65dbe06778d4d7e",
        "android_client_info": {
          "package_name": "com.example.information"
        }
      },
      "oauth_client": [
        {
          "client_id": "370979015259-epf41v2flupjqdqlmtr7bbasos38bj85.apps.googleusercontent.com",
          "client_type": 1,
          "android_info": {
            "package_name": "com.example.information",
            "certificate_hash": "62d4a4a0d404e6ad38f437ef53a25b12666d0f6d"
          }
        },
        {
          "client_id": "370979015259-t38chlpu629ghtcf3jjftcug6d067dmn.apps.googleusercontent.com",
          "client_type": 3
        }
      ],
      "api_key": [
        {
          "current_key": "AIzaSyB-qSnPGfQzvI9Tg2LOcITP65Hp05k1Vw4"
        }
      ],
      "services": {
        "appinvite_service": {
          "other_platform_oauth_client": [
            {
              "client_id": "370979015259-t38chlpu629ghtcf3jjftcug6d067dmn.apps.googleusercontent.com",
              "client_type": 3
            }
          ]
        }
      }
    },
    {
      "client_info": {
        "mobilesdk_app_id": "1:370979015259:android:773b15b1a9068b288d4d7e",
        "android_client_info": {
          "package_name": "com.example.myfitnesscoach2"
        }
      },
      "oauth_client": [
        {
          "client_id": "370979015259-t38chlpu629ghtcf3jjftcug6d067dmn.apps.googleusercontent.com",
          "client_type": 3
        }
      ],
      "api_key": [
        {
          "current_key": "AIzaSyB-qSnPGfQzvI9Tg2LOcITP65Hp05k1Vw4"
        }
      ],
      "services": {
        "appinvite_service": {
          "other_platform_oauth_client": [
            {
              "client_id": "370979015259-t38chlpu629ghtcf3jjftcug6d067dmn.apps.googleusercontent.com",
              "client_type": 3
            }
          ]
        }
      }
    }
  ],
  "configuration_version": "1"
}